USE [Distribucion_DEV]
GO
SET IDENTITY_INSERT [dbo].[Sector] ON 

INSERT [dbo].[Sector] ([SectorId], [SectorName]) VALUES (1, N'ENACE')
INSERT [dbo].[Sector] ([SectorId], [SectorName]) VALUES (3, N'Talara Baja')
INSERT [dbo].[Sector] ([SectorId], [SectorName]) VALUES (4, N'Talara Alta')
SET IDENTITY_INSERT [dbo].[Sector] OFF
SET IDENTITY_INSERT [dbo].[Cliente] ON 

INSERT [dbo].[Cliente] ([ClienteId], [ClienteName], [ClienteAddress], [ClientePhone], [SectorId]) VALUES (1, N'Jose Sifuentes', N'908585', N'19999999', 3)
INSERT [dbo].[Cliente] ([ClienteId], [ClienteName], [ClienteAddress], [ClientePhone], [SectorId]) VALUES (2, N'Fredy Carranza', N'Av. America #567', N'902345875', 3)
INSERT [dbo].[Cliente] ([ClienteId], [ClienteName], [ClienteAddress], [ClientePhone], [SectorId]) VALUES (3, N'Andrea Infantes', N'Calle SiempreViva 3561', N'98765432', 1)
INSERT [dbo].[Cliente] ([ClienteId], [ClienteName], [ClienteAddress], [ClientePhone], [SectorId]) VALUES (4, N'Tania Moran', N'Av. America 2093', N'987444321', 1)
INSERT [dbo].[Cliente] ([ClienteId], [ClienteName], [ClienteAddress], [ClientePhone], [SectorId]) VALUES (7, N'Carlos Ramirez', N'Av. España 123', N'999888777', 1)
INSERT [dbo].[Cliente] ([ClienteId], [ClienteName], [ClienteAddress], [ClientePhone], [SectorId]) VALUES (8, N'Andrea Servantes', N'Calle SinCalle 311', N'987438746', 1)
INSERT [dbo].[Cliente] ([ClienteId], [ClienteName], [ClienteAddress], [ClientePhone], [SectorId]) VALUES (9, N'Maria Bazan', N'Calle SinCalle 777', N'987222333', 4)
INSERT [dbo].[Cliente] ([ClienteId], [ClienteName], [ClienteAddress], [ClientePhone], [SectorId]) VALUES (10, N'Alysa Saldaña', N'Av. Corregidor 777', N'987342887', 1)
INSERT [dbo].[Cliente] ([ClienteId], [ClienteName], [ClienteAddress], [ClientePhone], [SectorId]) VALUES (12, N'Milena Gonzales', N'Av. Privamera 1234', N'983344847', 3)
INSERT [dbo].[Cliente] ([ClienteId], [ClienteName], [ClienteAddress], [ClientePhone], [SectorId]) VALUES (39, N'Leonardo Burgos', N'Av America Norte', N'208141', 1)
INSERT [dbo].[Cliente] ([ClienteId], [ClienteName], [ClienteAddress], [ClientePhone], [SectorId]) VALUES (40, N'Jorge Raimres', N'Colon #980', N'23465', 1)
INSERT [dbo].[Cliente] ([ClienteId], [ClienteName], [ClienteAddress], [ClientePhone], [SectorId]) VALUES (41, N'Armando Gutierres', N'La rinconada', N'23465', 1)
INSERT [dbo].[Cliente] ([ClienteId], [ClienteName], [ClienteAddress], [ClientePhone], [SectorId]) VALUES (42, N'Castillo Moreno', N'La esperanza', N'22222', 1)
INSERT [dbo].[Cliente] ([ClienteId], [ClienteName], [ClienteAddress], [ClientePhone], [SectorId]) VALUES (1039, N'Milagros Diaz', N'Torres de San Fernando', N'98045768', 3)
INSERT [dbo].[Cliente] ([ClienteId], [ClienteName], [ClienteAddress], [ClientePhone], [SectorId]) VALUES (1040, N'Piere Gurreonero', N'Los portales', N'132451', 3)
INSERT [dbo].[Cliente] ([ClienteId], [ClienteName], [ClienteAddress], [ClientePhone], [SectorId]) VALUES (1041, N'Prueba', N'sdfgsdf', N'234234', 3)
INSERT [dbo].[Cliente] ([ClienteId], [ClienteName], [ClienteAddress], [ClientePhone], [SectorId]) VALUES (1042, N'Carla Diaz', N'Urb. California', N'3456789', 1)
SET IDENTITY_INSERT [dbo].[Cliente] OFF
SET IDENTITY_INSERT [dbo].[Producto] ON 

INSERT [dbo].[Producto] ([ProductId], [ProductName], [UnidadMedidad], [ProductImage], [ProductParentId], [ProductLevel], [ProductState], [PorcentajeGanacia]) VALUES (1, N'Fideos', N'Bolsa', NULL, 0, 0, 1, CAST(0.300 AS Decimal(18, 3)))
INSERT [dbo].[Producto] ([ProductId], [ProductName], [UnidadMedidad], [ProductImage], [ProductParentId], [ProductLevel], [ProductState], [PorcentajeGanacia]) VALUES (2, N'Arroz', N'Bolsa', NULL, 0, 0, 1, CAST(0.300 AS Decimal(18, 3)))
INSERT [dbo].[Producto] ([ProductId], [ProductName], [UnidadMedidad], [ProductImage], [ProductParentId], [ProductLevel], [ProductState], [PorcentajeGanacia]) VALUES (3, N'Paisa', N'Bolsa', N' ', 2, 1, 1, CAST(0.300 AS Decimal(18, 3)))
INSERT [dbo].[Producto] ([ProductId], [ProductName], [UnidadMedidad], [ProductImage], [ProductParentId], [ProductLevel], [ProductState], [PorcentajeGanacia]) VALUES (4, N'Costeño', N'Bolsa', NULL, 2, 1, 1, CAST(0.300 AS Decimal(18, 3)))
INSERT [dbo].[Producto] ([ProductId], [ProductName], [UnidadMedidad], [ProductImage], [ProductParentId], [ProductLevel], [ProductState], [PorcentajeGanacia]) VALUES (5, N'Don Vittorio', N'Bolsa', NULL, 1, 1, 1, CAST(0.300 AS Decimal(18, 3)))
INSERT [dbo].[Producto] ([ProductId], [ProductName], [UnidadMedidad], [ProductImage], [ProductParentId], [ProductLevel], [ProductState], [PorcentajeGanacia]) VALUES (6, N'Angel', N'Bolsa', NULL, 1, 1, 1, CAST(0.300 AS Decimal(18, 3)))
INSERT [dbo].[Producto] ([ProductId], [ProductName], [UnidadMedidad], [ProductImage], [ProductParentId], [ProductLevel], [ProductState], [PorcentajeGanacia]) VALUES (7, N'Lavagi', N'Rollo', N' ', 1, 1, 1, CAST(0.300 AS Decimal(18, 3)))
INSERT [dbo].[Producto] ([ProductId], [ProductName], [UnidadMedidad], [ProductImage], [ProductParentId], [ProductLevel], [ProductState], [PorcentajeGanacia]) VALUES (8, N'Papel Higienico', N'Rollos', NULL, 0, 0, 1, CAST(0.300 AS Decimal(18, 3)))
INSERT [dbo].[Producto] ([ProductId], [ProductName], [UnidadMedidad], [ProductImage], [ProductParentId], [ProductLevel], [ProductState], [PorcentajeGanacia]) VALUES (9, N'Papel Doble Hoja', N'Rollos', NULL, 8, 1, 1, CAST(0.300 AS Decimal(18, 3)))
INSERT [dbo].[Producto] ([ProductId], [ProductName], [UnidadMedidad], [ProductImage], [ProductParentId], [ProductLevel], [ProductState], [PorcentajeGanacia]) VALUES (10, N'Papel Extra Suave', N'Cajas', NULL, 8, 1, 1, CAST(0.300 AS Decimal(18, 3)))
INSERT [dbo].[Producto] ([ProductId], [ProductName], [UnidadMedidad], [ProductImage], [ProductParentId], [ProductLevel], [ProductState], [PorcentajeGanacia]) VALUES (11, N'PruebaL', N'Bolsa', N' ', 1, 1, 0, CAST(0.300 AS Decimal(18, 3)))
INSERT [dbo].[Producto] ([ProductId], [ProductName], [UnidadMedidad], [ProductImage], [ProductParentId], [ProductLevel], [ProductState], [PorcentajeGanacia]) VALUES (12, N'PruebaL', N'Rollo', N' ', 8, 1, 0, CAST(0.300 AS Decimal(18, 3)))
INSERT [dbo].[Producto] ([ProductId], [ProductName], [UnidadMedidad], [ProductImage], [ProductParentId], [ProductLevel], [ProductState], [PorcentajeGanacia]) VALUES (20, N'Nestle', N'Rollo', N' ', 1, 1, 1, CAST(0.300 AS Decimal(18, 3)))
INSERT [dbo].[Producto] ([ProductId], [ProductName], [UnidadMedidad], [ProductImage], [ProductParentId], [ProductLevel], [ProductState], [PorcentajeGanacia]) VALUES (21, N'Cafe Descafeinado Nescafe', N'Bolsa', N' ', 1, 1, 1, CAST(0.300 AS Decimal(18, 3)))
INSERT [dbo].[Producto] ([ProductId], [ProductName], [UnidadMedidad], [ProductImage], [ProductParentId], [ProductLevel], [ProductState], [PorcentajeGanacia]) VALUES (22, N'Pura vida', N'Caja', N' ', 1, 1, 1, CAST(0.300 AS Decimal(18, 3)))
SET IDENTITY_INSERT [dbo].[Producto] OFF
SET IDENTITY_INSERT [dbo].[Venta] ON 

INSERT [dbo].[Venta] ([VentaId], [FechaVenta], [ClienteId], [ProductId], [CantidadVenta], [PesoVenta], [PrecioRealVenta], [PrecioIngresadoVenta]) VALUES (1, CAST(N'2018-03-30T15:34:12.650' AS DateTime), 3, 10, CAST(3000.000 AS Decimal(18, 3)), CAST(0.000 AS Decimal(18, 3)), CAST(6000.000 AS Decimal(18, 3)), CAST(5900.000 AS Decimal(18, 3)))
INSERT [dbo].[Venta] ([VentaId], [FechaVenta], [ClienteId], [ProductId], [CantidadVenta], [PesoVenta], [PrecioRealVenta], [PrecioIngresadoVenta]) VALUES (2, CAST(N'2018-03-30T15:34:12.663' AS DateTime), 3, 3, CAST(100.000 AS Decimal(18, 3)), CAST(0.000 AS Decimal(18, 3)), CAST(160.000 AS Decimal(18, 3)), CAST(150.000 AS Decimal(18, 3)))
SET IDENTITY_INSERT [dbo].[Venta] OFF
SET IDENTITY_INSERT [dbo].[Compra] ON 

INSERT [dbo].[Compra] ([CompraId], [FechaCompra], [FechaEntrega], [OrigenCompra], [TotalCompra], [CostoFlete]) VALUES (1, CAST(N'2018-03-06T00:00:00.000' AS DateTime), CAST(N'2018-03-07T00:00:00.000' AS DateTime), N'3', CAST(7150.000 AS Decimal(18, 3)), CAST(1000.000 AS Decimal(18, 3)))
INSERT [dbo].[Compra] ([CompraId], [FechaCompra], [FechaEntrega], [OrigenCompra], [TotalCompra], [CostoFlete]) VALUES (2, CAST(N'2018-03-14T00:00:00.000' AS DateTime), CAST(N'2018-03-15T00:00:00.000' AS DateTime), N'2', CAST(2600.000 AS Decimal(18, 3)), CAST(950.000 AS Decimal(18, 3)))
INSERT [dbo].[Compra] ([CompraId], [FechaCompra], [FechaEntrega], [OrigenCompra], [TotalCompra], [CostoFlete]) VALUES (3, CAST(N'2018-03-16T00:00:00.000' AS DateTime), CAST(N'2018-03-17T00:00:00.000' AS DateTime), N'1', CAST(16.000 AS Decimal(18, 3)), CAST(10.000 AS Decimal(18, 3)))
INSERT [dbo].[Compra] ([CompraId], [FechaCompra], [FechaEntrega], [OrigenCompra], [TotalCompra], [CostoFlete]) VALUES (4, CAST(N'2018-03-17T00:00:00.000' AS DateTime), CAST(N'2018-03-18T00:00:00.000' AS DateTime), N'1', CAST(640.000 AS Decimal(18, 3)), CAST(300.000 AS Decimal(18, 3)))
SET IDENTITY_INSERT [dbo].[Compra] OFF
SET IDENTITY_INSERT [dbo].[Proveedor] ON 

INSERT [dbo].[Proveedor] ([ProveedorId], [ProveedorName], [ProveedorPhone], [ProveedorEmail], [ProveedorWebSite], [ProveedorAddress]) VALUES (1, N'La cachina', N'987654321', N'lacachina@xmal.com', N'www.cachina.com', N'Av. Por Ahi 123')
INSERT [dbo].[Proveedor] ([ProveedorId], [ProveedorName], [ProveedorPhone], [ProveedorEmail], [ProveedorWebSite], [ProveedorAddress]) VALUES (2, N'Tacorita', N'987987987', N'tacorape@xmal.com', N'www.tacora.com', N'Av. Por allá 123')
INSERT [dbo].[Proveedor] ([ProveedorId], [ProveedorName], [ProveedorPhone], [ProveedorEmail], [ProveedorWebSite], [ProveedorAddress]) VALUES (3, N'El hueco', N'987123123', N'elhueco@xmal.com', N'www.elhueco.com', N'Av. Más allá 312')
SET IDENTITY_INSERT [dbo].[Proveedor] OFF
SET IDENTITY_INSERT [dbo].[CompraDetalle] ON 

INSERT [dbo].[CompraDetalle] ([DetalleCompraId], [CompraId], [ProveedorId], [ProductId], [CantidadCompra], [PesoCompra], [PrecioCompra], [TotalDeposito], [SaldoDeposito], [CostoFleteItemCompra], [CantidadBuenEstado], [CantidadMalEstado]) VALUES (1, 1, 2, 10, CAST(5000.000 AS Decimal(18, 3)), CAST(0.000 AS Decimal(18, 3)), CAST(4000.000 AS Decimal(18, 3)), CAST(4000.000 AS Decimal(18, 3)), CAST(0.000 AS Decimal(18, 3)), CAST(559.441 AS Decimal(18, 3)), CAST(5000.000 AS Decimal(18, 3)), CAST(0.000 AS Decimal(18, 3)))
INSERT [dbo].[CompraDetalle] ([DetalleCompraId], [CompraId], [ProveedorId], [ProductId], [CantidadCompra], [PesoCompra], [PrecioCompra], [TotalDeposito], [SaldoDeposito], [CostoFleteItemCompra], [CantidadBuenEstado], [CantidadMalEstado]) VALUES (2, 1, 2, 3, CAST(0.000 AS Decimal(18, 3)), CAST(600.000 AS Decimal(18, 3)), CAST(750.000 AS Decimal(18, 3)), CAST(750.000 AS Decimal(18, 3)), CAST(0.000 AS Decimal(18, 3)), CAST(104.895 AS Decimal(18, 3)), CAST(600.000 AS Decimal(18, 3)), CAST(0.000 AS Decimal(18, 3)))
INSERT [dbo].[CompraDetalle] ([DetalleCompraId], [CompraId], [ProveedorId], [ProductId], [CantidadCompra], [PesoCompra], [PrecioCompra], [TotalDeposito], [SaldoDeposito], [CostoFleteItemCompra], [CantidadBuenEstado], [CantidadMalEstado]) VALUES (3, 1, 3, 7, CAST(0.000 AS Decimal(18, 3)), CAST(1200.000 AS Decimal(18, 3)), CAST(2400.000 AS Decimal(18, 3)), CAST(2400.000 AS Decimal(18, 3)), CAST(0.000 AS Decimal(18, 3)), CAST(335.664 AS Decimal(18, 3)), CAST(1200.000 AS Decimal(18, 3)), CAST(0.000 AS Decimal(18, 3)))
INSERT [dbo].[CompraDetalle] ([DetalleCompraId], [CompraId], [ProveedorId], [ProductId], [CantidadCompra], [PesoCompra], [PrecioCompra], [TotalDeposito], [SaldoDeposito], [CostoFleteItemCompra], [CantidadBuenEstado], [CantidadMalEstado]) VALUES (4, 2, 2, 10, CAST(2000.000 AS Decimal(18, 3)), CAST(0.000 AS Decimal(18, 3)), CAST(1600.000 AS Decimal(18, 3)), CAST(1600.000 AS Decimal(18, 3)), CAST(0.000 AS Decimal(18, 3)), CAST(584.615 AS Decimal(18, 3)), CAST(2000.000 AS Decimal(18, 3)), CAST(0.000 AS Decimal(18, 3)))
INSERT [dbo].[CompraDetalle] ([DetalleCompraId], [CompraId], [ProveedorId], [ProductId], [CantidadCompra], [PesoCompra], [PrecioCompra], [TotalDeposito], [SaldoDeposito], [CostoFleteItemCompra], [CantidadBuenEstado], [CantidadMalEstado]) VALUES (5, 2, 3, 7, CAST(0.000 AS Decimal(18, 3)), CAST(500.000 AS Decimal(18, 3)), CAST(1000.000 AS Decimal(18, 3)), CAST(1000.000 AS Decimal(18, 3)), CAST(0.000 AS Decimal(18, 3)), CAST(365.385 AS Decimal(18, 3)), CAST(500.000 AS Decimal(18, 3)), CAST(0.000 AS Decimal(18, 3)))
INSERT [dbo].[CompraDetalle] ([DetalleCompraId], [CompraId], [ProveedorId], [ProductId], [CantidadCompra], [PesoCompra], [PrecioCompra], [TotalDeposito], [SaldoDeposito], [CostoFleteItemCompra], [CantidadBuenEstado], [CantidadMalEstado]) VALUES (6, 3, 2, 10, CAST(20.000 AS Decimal(18, 3)), CAST(0.000 AS Decimal(18, 3)), CAST(16.000 AS Decimal(18, 3)), CAST(20.000 AS Decimal(18, 3)), CAST(4.000 AS Decimal(18, 3)), CAST(10.000 AS Decimal(18, 3)), CAST(20.000 AS Decimal(18, 3)), CAST(0.000 AS Decimal(18, 3)))
INSERT [dbo].[CompraDetalle] ([DetalleCompraId], [CompraId], [ProveedorId], [ProductId], [CantidadCompra], [PesoCompra], [PrecioCompra], [TotalDeposito], [SaldoDeposito], [CostoFleteItemCompra], [CantidadBuenEstado], [CantidadMalEstado]) VALUES (7, 4, 2, 10, CAST(800.000 AS Decimal(18, 3)), CAST(0.000 AS Decimal(18, 3)), CAST(640.000 AS Decimal(18, 3)), CAST(700.000 AS Decimal(18, 3)), CAST(64.000 AS Decimal(18, 3)), CAST(300.000 AS Decimal(18, 3)), CAST(800.000 AS Decimal(18, 3)), CAST(0.000 AS Decimal(18, 3)))
SET IDENTITY_INSERT [dbo].[CompraDetalle] OFF
SET IDENTITY_INSERT [dbo].[GastosSemanales] ON 

INSERT [dbo].[GastosSemanales] ([GastoSemanalId], [FechaInicio], [FechaFinal], [GastoTotal]) VALUES (1, CAST(N'2018-03-26T00:00:00.000' AS DateTime), CAST(N'2018-04-01T00:00:00.000' AS DateTime), CAST(510.000 AS Decimal(18, 3)))
SET IDENTITY_INSERT [dbo].[GastosSemanales] OFF
SET IDENTITY_INSERT [dbo].[GastoSemanalDetalle] ON 

INSERT [dbo].[GastoSemanalDetalle] ([GastoSemanalDetalleId], [GastoSemanalId], [Insumo], [Gasto]) VALUES (0, 1, N'Ayudante', CAST(200.000 AS Decimal(18, 3)))
INSERT [dbo].[GastoSemanalDetalle] ([GastoSemanalDetalleId], [GastoSemanalId], [Insumo], [Gasto]) VALUES (1, 1, N'Diesel', CAST(150.000 AS Decimal(18, 3)))
INSERT [dbo].[GastoSemanalDetalle] ([GastoSemanalDetalleId], [GastoSemanalId], [Insumo], [Gasto]) VALUES (2, 1, N'Otros', CAST(160.000 AS Decimal(18, 3)))
SET IDENTITY_INSERT [dbo].[GastoSemanalDetalle] OFF
SET IDENTITY_INSERT [dbo].[Stock] ON 

INSERT [dbo].[Stock] ([StockId], [FechaStock], [DetalleCompraId], [ProductId], [CantidadIngresada], [PesoCompra], [PrecioCompra], [CostoUnitarioCompra], [FleteUnidadCompra], [CostoUnitarioTotalCompra], [PrecioTotalCompra], [VentaId], [CantidadVenta], [PesoVenta], [PrecioRealVenta], [PrecioIngresadoVenta], [CantidadActualStock], [GastoDiarioOperacion]) VALUES (1, CAST(N'2018-03-07T00:00:00.000' AS DateTime), 1, 10, CAST(5000.000 AS Decimal(18, 3)), CAST(0.000 AS Decimal(18, 3)), CAST(4000.000 AS Decimal(18, 3)), CAST(0.800 AS Decimal(18, 3)), CAST(559.441 AS Decimal(18, 3)), CAST(0.912 AS Decimal(18, 3)), CAST(4559.441 AS Decimal(18, 3)), NULL, NULL, NULL, NULL, NULL, CAST(5000.000 AS Decimal(18, 3)), NULL)
INSERT [dbo].[Stock] ([StockId], [FechaStock], [DetalleCompraId], [ProductId], [CantidadIngresada], [PesoCompra], [PrecioCompra], [CostoUnitarioCompra], [FleteUnidadCompra], [CostoUnitarioTotalCompra], [PrecioTotalCompra], [VentaId], [CantidadVenta], [PesoVenta], [PrecioRealVenta], [PrecioIngresadoVenta], [CantidadActualStock], [GastoDiarioOperacion]) VALUES (2, CAST(N'2018-03-07T00:00:00.000' AS DateTime), 2, 3, CAST(0.000 AS Decimal(18, 3)), CAST(600.000 AS Decimal(18, 3)), CAST(750.000 AS Decimal(18, 3)), CAST(1.250 AS Decimal(18, 3)), CAST(104.895 AS Decimal(18, 3)), CAST(1.425 AS Decimal(18, 3)), CAST(854.895 AS Decimal(18, 3)), NULL, NULL, NULL, NULL, NULL, CAST(600.000 AS Decimal(18, 3)), NULL)
INSERT [dbo].[Stock] ([StockId], [FechaStock], [DetalleCompraId], [ProductId], [CantidadIngresada], [PesoCompra], [PrecioCompra], [CostoUnitarioCompra], [FleteUnidadCompra], [CostoUnitarioTotalCompra], [PrecioTotalCompra], [VentaId], [CantidadVenta], [PesoVenta], [PrecioRealVenta], [PrecioIngresadoVenta], [CantidadActualStock], [GastoDiarioOperacion]) VALUES (3, CAST(N'2018-03-07T00:00:00.000' AS DateTime), 3, 7, CAST(0.000 AS Decimal(18, 3)), CAST(1200.000 AS Decimal(18, 3)), CAST(2400.000 AS Decimal(18, 3)), CAST(2.000 AS Decimal(18, 3)), CAST(335.664 AS Decimal(18, 3)), CAST(2.280 AS Decimal(18, 3)), CAST(2735.664 AS Decimal(18, 3)), NULL, NULL, NULL, NULL, NULL, CAST(1200.000 AS Decimal(18, 3)), NULL)
INSERT [dbo].[Stock] ([StockId], [FechaStock], [DetalleCompraId], [ProductId], [CantidadIngresada], [PesoCompra], [PrecioCompra], [CostoUnitarioCompra], [FleteUnidadCompra], [CostoUnitarioTotalCompra], [PrecioTotalCompra], [VentaId], [CantidadVenta], [PesoVenta], [PrecioRealVenta], [PrecioIngresadoVenta], [CantidadActualStock], [GastoDiarioOperacion]) VALUES (4, CAST(N'2018-03-15T00:00:00.000' AS DateTime), 4, 10, CAST(2000.000 AS Decimal(18, 3)), CAST(0.000 AS Decimal(18, 3)), CAST(1600.000 AS Decimal(18, 3)), CAST(0.800 AS Decimal(18, 3)), CAST(584.615 AS Decimal(18, 3)), CAST(1.092 AS Decimal(18, 3)), CAST(2184.615 AS Decimal(18, 3)), NULL, NULL, NULL, NULL, NULL, CAST(7000.000 AS Decimal(18, 3)), NULL)
INSERT [dbo].[Stock] ([StockId], [FechaStock], [DetalleCompraId], [ProductId], [CantidadIngresada], [PesoCompra], [PrecioCompra], [CostoUnitarioCompra], [FleteUnidadCompra], [CostoUnitarioTotalCompra], [PrecioTotalCompra], [VentaId], [CantidadVenta], [PesoVenta], [PrecioRealVenta], [PrecioIngresadoVenta], [CantidadActualStock], [GastoDiarioOperacion]) VALUES (5, CAST(N'2018-03-15T00:00:00.000' AS DateTime), 5, 7, CAST(0.000 AS Decimal(18, 3)), CAST(500.000 AS Decimal(18, 3)), CAST(1000.000 AS Decimal(18, 3)), CAST(2.000 AS Decimal(18, 3)), CAST(365.385 AS Decimal(18, 3)), CAST(2.731 AS Decimal(18, 3)), CAST(1365.385 AS Decimal(18, 3)), NULL, NULL, NULL, NULL, NULL, CAST(1700.000 AS Decimal(18, 3)), NULL)
INSERT [dbo].[Stock] ([StockId], [FechaStock], [DetalleCompraId], [ProductId], [CantidadIngresada], [PesoCompra], [PrecioCompra], [CostoUnitarioCompra], [FleteUnidadCompra], [CostoUnitarioTotalCompra], [PrecioTotalCompra], [VentaId], [CantidadVenta], [PesoVenta], [PrecioRealVenta], [PrecioIngresadoVenta], [CantidadActualStock], [GastoDiarioOperacion]) VALUES (6, CAST(N'2018-03-30T15:34:12.650' AS DateTime), NULL, 10, NULL, NULL, NULL, NULL, NULL, NULL, NULL, 1, CAST(3000.000 AS Decimal(18, 3)), CAST(0.000 AS Decimal(18, 3)), CAST(6000.000 AS Decimal(18, 3)), CAST(5900.000 AS Decimal(18, 3)), CAST(4000.000 AS Decimal(18, 3)), CAST(497.355 AS Decimal(18, 3)))
INSERT [dbo].[Stock] ([StockId], [FechaStock], [DetalleCompraId], [ProductId], [CantidadIngresada], [PesoCompra], [PrecioCompra], [CostoUnitarioCompra], [FleteUnidadCompra], [CostoUnitarioTotalCompra], [PrecioTotalCompra], [VentaId], [CantidadVenta], [PesoVenta], [PrecioRealVenta], [PrecioIngresadoVenta], [CantidadActualStock], [GastoDiarioOperacion]) VALUES (7, CAST(N'2018-03-30T15:34:12.663' AS DateTime), NULL, 3, NULL, NULL, NULL, NULL, NULL, NULL, NULL, 2, CAST(100.000 AS Decimal(18, 3)), CAST(0.000 AS Decimal(18, 3)), CAST(160.000 AS Decimal(18, 3)), CAST(150.000 AS Decimal(18, 3)), CAST(500.000 AS Decimal(18, 3)), CAST(12.645 AS Decimal(18, 3)))
INSERT [dbo].[Stock] ([StockId], [FechaStock], [DetalleCompraId], [ProductId], [CantidadIngresada], [PesoCompra], [PrecioCompra], [CostoUnitarioCompra], [FleteUnidadCompra], [CostoUnitarioTotalCompra], [PrecioTotalCompra], [VentaId], [CantidadVenta], [PesoVenta], [PrecioRealVenta], [PrecioIngresadoVenta], [CantidadActualStock], [GastoDiarioOperacion]) VALUES (8, CAST(N'2018-03-17T00:00:00.000' AS DateTime), 6, 10, CAST(20.000 AS Decimal(18, 3)), CAST(0.000 AS Decimal(18, 3)), CAST(16.000 AS Decimal(18, 3)), CAST(0.800 AS Decimal(18, 3)), CAST(10.000 AS Decimal(18, 3)), CAST(1.300 AS Decimal(18, 3)), CAST(26.000 AS Decimal(18, 3)), NULL, NULL, NULL, NULL, NULL, CAST(7020.000 AS Decimal(18, 3)), NULL)
INSERT [dbo].[Stock] ([StockId], [FechaStock], [DetalleCompraId], [ProductId], [CantidadIngresada], [PesoCompra], [PrecioCompra], [CostoUnitarioCompra], [FleteUnidadCompra], [CostoUnitarioTotalCompra], [PrecioTotalCompra], [VentaId], [CantidadVenta], [PesoVenta], [PrecioRealVenta], [PrecioIngresadoVenta], [CantidadActualStock], [GastoDiarioOperacion]) VALUES (9, CAST(N'2018-03-18T00:00:00.000' AS DateTime), 7, 10, CAST(800.000 AS Decimal(18, 3)), CAST(0.000 AS Decimal(18, 3)), CAST(640.000 AS Decimal(18, 3)), CAST(0.800 AS Decimal(18, 3)), CAST(300.000 AS Decimal(18, 3)), CAST(1.175 AS Decimal(18, 3)), CAST(940.000 AS Decimal(18, 3)), NULL, NULL, NULL, NULL, NULL, CAST(7820.000 AS Decimal(18, 3)), NULL)
SET IDENTITY_INSERT [dbo].[Stock] OFF
INSERT [dbo].[Usuario] ([UserID], [Password], [FullName], [Email], [Phone], [RoleDescription], [UserState]) VALUES (N'a', N'1', N'a', N'a@a', N'a', N'Usuario', 1)
INSERT [dbo].[Usuario] ([UserID], [Password], [FullName], [Email], [Phone], [RoleDescription], [UserState]) VALUES (N'e', N'e', N'e', N'e@e', N'', N'Usuario', 1)
INSERT [dbo].[Usuario] ([UserID], [Password], [FullName], [Email], [Phone], [RoleDescription], [UserState]) VALUES (N'gdfgdf', N'dfgd', N'gdfgdf', N'dfgdfg', N'dfgdfg', N'Usuario', 0)
INSERT [dbo].[Usuario] ([UserID], [Password], [FullName], [Email], [Phone], [RoleDescription], [UserState]) VALUES (N'Hola', N'123', N'Hola', N'hola@g.com', N'222', N'Usuario', 1)
INSERT [dbo].[Usuario] ([UserID], [Password], [FullName], [Email], [Phone], [RoleDescription], [UserState]) VALUES (N'N005', N'123456', N'Name', N'name@name.com', N'99999', N'Administrador', 0)
INSERT [dbo].[Usuario] ([UserID], [Password], [FullName], [Email], [Phone], [RoleDescription], [UserState]) VALUES (N'n006', N'23467', N'Prueba', N'prueba@prueba.com', N'8888', N'Administrador', 1)
INSERT [dbo].[Usuario] ([UserID], [Password], [FullName], [Email], [Phone], [RoleDescription], [UserState]) VALUES (N'r', N'r', N'r', N'r@g', N'e', N'Usuario', 1)
